CAZy	D1	AA	E1	F1	B1	C1
GH43_8	5	0	5	5	5	5
GH43_9	2	0	2	2	2	2
GT57	2	2	2	2	1	2
AA1	5	4	5	4	6	5
GT71	7	6	7	7	4	7
GT58	2	2	2	2	2	2
AA2	1	1	1	1	0	1
GT59	1	1	1	1	0	1
GH1	12	11	12	3	10	12
GT2_Chitin_synth_1	2	2	2	2	1	2
GH5_9	5	5	5	5	4	5
GH2	5	2	5	3	5	5
AA4	8	8	8	6	6	8
GH3	1	0	1	1	1	1
GT2_Chitin_synth_2	8	8	8	8	5	8
GH4	3	3	3	0	0	3
AA6	3	3	3	3	2	3
GT76	1	1	1	1	2	1
GH5	4	4	4	4	5	4
AA7	4	4	4	4	2	4
GH8	1	0	1	1	1	1
GH13_10	28	24	28	8	27	29
GH13_11	13	8	13	6	15	13
GH13_12	13	10	13	5	12	13
GH43_23	1	0	1	1	1	1
GH13_13	36	34	36	20	38	42
GH43_24	2	0	2	2	2	2
GH13_14	23	22	21	11	21	26
GH43_26	3	0	3	3	3	3
GH13_16	31	28	35	10	28	32
GH43_27	1	0	1	1	1	1
GH13_30	23	20	24	6	20	22
GH13_17	30	25	31	10	25	29
GH5_12	1	1	1	1	1	1
GH13_31	23	24	25	7	18	26
GH13_18	12	11	12	6	14	15
GH43_29	2	0	2	2	2	2
GT2_Glyco_tranf_2_3	6	4	6	3	7	6
GH13_32	21	18	21	7	16	21
GH13_19	30	25	30	8	22	30
GH5_14	8	8	8	8	7	8
GH5_15	7	7	7	7	5	7
GH13_34	31	28	31	12	31	36
GH13_35	24	21	26	9	21	24
GH13_36	19	17	21	7	17	19
GH13_37	23	20	23	11	24	25
GH13_38	8	8	8	0	8	8
GH5_33	7	7	7	7	6	7
GH13_39	23	19	23	12	21	24
GH13	28	24	29	12	25	27
GH15	1	1	1	1	1	1
AA1_1	5	5	5	5	3	5
GH16	3	3	3	3	1	3
AA1_2	10	10	10	10	6	10
GH30	1	0	1	1	1	1
GH5_50	6	6	6	6	6	6
GH5_37	4	2	4	4	4	4
GH17	7	7	7	7	3	7
AA1_3	10	10	10	10	6	10
GH13_1	16	15	16	7	15	17
GH31	4	2	4	3	7	4
GH18	3	3	3	3	2	3
GH13_2	27	24	27	11	26	28
GH32	3	3	3	2	1	3
GH13_3	21	20	21	6	19	23
GH33	6	7	7	7	0	0
GH13_4	30	27	30	11	28	31
GH5_54	3	3	3	3	3	3
GH13_5	4	4	4	0	4	4
GH13_6	12	8	12	4	9	12
GH36	3	2	3	1	3	3
GH37	2	2	2	2	2	2
GH13_8	3	3	3	2	3	3
GH51	2	0	2	2	2	2
GH38	3	3	3	1	2	3
GH16_20	4	4	4	4	1	4
GH13_9	15	14	15	2	13	15
GH16_21	2	2	2	2	1	2
GT111	1	1	1	0	1	1
GT113	0	1	0	0	0	0
GT1	1	1	1	1	0	1
GT3	2	2	2	2	1	2
GT20	6	6	6	6	4	6
GH16_27	1	1	1	1	1	1
GT4	26	21	26	8	25	26
GT21	1	1	1	0	1	1
GH72	6	6	6	6	6	6
GH125	1	1	1	0	0	1
GH30_1	1	0	1	1	1	1
GT5	9	7	9	4	7	9
GT22	4	4	4	4	2	4
GH73	8	4	8	4	7	8
GH30_2	1	0	1	1	1	1
GH74	21	24	22	27	6	25
GH30_3	1	0	1	1	1	1
GT24	1	1	1	1	1	1
GT8	3	3	3	3	2	3
GH76	2	2	2	2	2	2
GT26	5	1	5	4	5	5
CBM19	3	3	3	3	3	3
CBM32	2	2	2	0	3	2
GH30_6	1	0	1	1	1	1
GT27	1	1	1	0	2	1
GH78	2	2	2	1	2	2
GH30_7	1	0	1	1	1	1
GT41	24	24	27	26	15	26
GT28	2	1	2	1	2	2
GH92	1	1	1	0	0	1
CBM34	1	1	1	0	1	1
GH30_9	1	0	1	1	1	1
CBM50	4	2	4	2	4	4
GT48	8	8	8	8	9	8
GT62	4	4	4	4	2	4
GH167	1	1	1	0	0	1
AA10	1	1	1	0	1	1
GT66	1	1	1	1	1	1
CE1	3	3	3	1	3	3
GH43_10	4	0	4	4	4	4
CE2	0	0	0	0	1	0
GH43_11	3	0	3	3	3	3
CBM91	2	0	2	2	2	2
GH43_12	2	0	2	2	2	2
CE4	8	4	8	6	7	8
GH43_13	2	0	2	2	2	2
GH43_14	3	0	3	3	3	3
GH43_15	3	0	3	3	3	3
GH43_16	1	0	1	1	1	1
GH43_30	1	0	1	1	1	1
GH43_17	1	0	1	1	1	1
GH13_20	25	23	25	10	23	27
CE9	2	1	2	1	2	2
GH43_31	4	0	4	4	4	4
GH13_21	18	16	18	6	16	18
GH43_32	2	0	2	2	2	2
GH43_19	1	0	1	1	1	1
GH43_33	1	0	1	3	3	1
GH13_23	26	23	27	6	20	25
GH43_34	4	0	4	4	4	4
GH13_25	3	3	3	3	2	3
GH43_36	6	0	6	6	6	6
GH13_26	10	10	10	0	6	10
GH13_40	24	24	25	8	21	26
GH5_22	4	4	4	4	3	4
GH13_41	25	23	25	11	24	28
GH13_28	3	3	3	0	3	3
GH13_42	31	29	31	14	29	33
GH13_29	23	23	24	7	18	25
GT2_Glyco_trans_2_3	6	4	6	2	6	6
GT2_Glycos_transf_2	23	17	23	10	20	24
GH20	1	1	1	0	0	1
GH5_44	4	4	4	4	3	4
GH5_45	5	5	5	5	5	5
GH25	16	9	16	7	18	16
GH5_46	4	4	4	4	3	4
GH5_47	3	3	3	3	2	3
GH27	1	1	1	1	0	1
GH28	1	1	1	1	1	1
GH5_49	4	4	4	4	3	4
GH42	1	1	1	0	0	1
GH43	4	0	4	4	4	4
GH47	3	3	3	3	4	3
GH16_18	2	2	2	2	1	2
GH63	4	4	4	4	0	4
GH16_19	2	2	2	2	1	2
GH65	10	6	10	6	9	10
GT15	10	10	10	10	3	10
GH132	5	6	5	5	4	5
CBM21	5	5	5	5	2	5
GH133	2	2	1	1	0	2
GH81	3	3	3	3	2	3
GT32	8	6	7	6	7	7
GT33	1	1	1	1	0	1
GH16_2	5	5	5	5	3	5
GT34	2	2	2	2	0	2
GH85	1	1	1	0	1	1
GH16_3	4	4	4	4	2	4
GT35	2	2	2	1	2	2
GT50	1	1	1	1	1	1
CBM43	1	1	1	1	1	1
GH43_3	5	0	5	5	5	5
GT51	7	4	7	3	7	7
GH43_4	1	0	1	1	1	1
GT39	17	17	17	17	6	17
GH43_5	3	0	3	3	3	3
GH170	3	3	3	0	2	3
CBM48	1	1	1	0	1	1
