Pathway	AA_combined_Abundance	B1_combined_Abundance	C1_combined_Abundance	D1_combined_Abundance	E1_combined_Abundance	F1_combined_Abundance	log2FC_E1_vs_AA	log2FC_F1_vs_B1	log2FC_D1_vs_AA	log2FC_C1_vs_D1
PWY-6122: 5-aminoimidazole ribonucleotide biosynthesis II	1709.6	80.7581	598.099	406.496	559.137	40.7471	-1.6123850900899266	-0.9869095657977462	-2.0723457493232114	0.5571431483668425
PWY-6277: superpathway of 5-aminoimidazole ribonucleotide biosynthesis	1709.6	80.7581	598.099	406.496	559.137	40.7471	-1.6123850900899266	-0.9869095657977462	-2.0723457493232114	0.5571431483668425
PWY-6121: 5-aminoimidazole ribonucleotide biosynthesis I	1523.85	63.948	534.49	353.035	504.453	38.5168	-1.5949291319034233	-0.7314113758883447	-2.1098377702236815	0.5983517349945946
NONOXIPENT-PWY: pentose phosphate pathway (non-oxidative branch) I	1146.58	1077.1	751.388	669.206	669.119	729.615	-0.7770023022400996	-0.5619449030155311	-0.7768147327505562	0.1671076950272103
PWY-6317: D-galactose degradation I (Leloir pathway)	1117.69	142.372	697.888	487.797	593.378	99.8011	-0.9134967560878171	-0.5125378160616625	-1.1961673087675215	0.5167146389125289
PWY-702: L-methionine biosynthesis II	1094.23	131.631	608.117	428.766	554.392	86.597	-0.9809376694697591	-0.6041103366182295	-1.351653599458766	0.5041584113857829
PWY-6527: stachyose degradation	896.635	995.678	612.261	505.663	523.36	538.753	-0.7767171501708747	-0.8860552544490394	-0.8263445960978334	0.2759705697546759
ARGSYNBSUB-PWY: L-arginine biosynthesis II (acetyl cycle)	893.512	59.6368	370.005	235.809	340.174	49.5968	-1.3932142244734365	-0.2659558019527444	-1.9218683185408791	0.6499259823067812
ARGSYN-PWY: L-arginine biosynthesis I (via L-ornithine)	784.525	59.1557	353.362	231.199	330.399	48.3568	-1.2476100986782865	-0.29079840424146386	-1.7626842592504455	0.612011743097737
ANAGLYCOLYSIS-PWY: glycolysis III (from glucose)	784.199	98.2818	465.397	346.076	415.924	142.45	-0.9148998655203721	0.535459431553479	-1.180130904205176	0.4273730143180966
P461-PWY: hexitol fermentation to lactate, formate, ethanol and acetate	776.498	54.0591	336.043	171.993	243.563	1.11949	-1.6726872166066113	-5.593622685136036	-2.174632352786198	0.9662959983118037
PWY-6163: chorismate biosynthesis from 3-dehydroquinate	771.29	44.7938	310.304	167.846	261.556	27.6262	-1.560153537108585	-0.6972619075139092	-2.200135243279854	0.8865441341761616
GLUTORN-PWY: L-ornithine biosynthesis I	749.963	53.2042	352.037	221.328	315.646	32.444	-1.2485119494773544	-0.7135884213874178	-1.7606334396065695	0.669541088698468
PWY-7357: thiamine phosphate formation from pyrithiamine and oxythiamine (yeast)	744.676	1371.28	596.369	540.151	518.484	602.582	-0.5223133918365501	-1.186293698713596	-0.46325009010038143	0.14284249507930327
PWY-7663: gondoate biosynthesis (anaerobic)	740.103	1126.65	716.825	647.603	676.944	801.237	-0.12868957193964378	-0.49173845403227084	-0.19261639514814158	0.14651128461861826
PWY-7400: L-arginine biosynthesis IV (archaebacteria)	733.256	57.1759	300.599	211.148	298.286	46.6589	-1.297620701646156	-0.29325486876410106	-1.796062384324317	0.5095856258738437
PWY-1042: glycolysis IV	732.002	51.1721	346.093	214.964	298.956	68.8865	-1.2919144215870402	0.4288638320223736	-1.76775251350673	0.687064687580298
GLYCOGENSYNTH-PWY: glycogen biosynthesis I (from ADP-D-Glucose)	714.22	48.9193	275.033	156.39	225.48	2.62468	-1.6633690566973673	-4.2201897941355835	-2.191220260694756	0.8144564619084632
GLUCOSE1PMETAB-PWY: glucose and glucose-1-phosphate degradation	691.751	41.1326	0.0	0.0	0.0	0.0	-29.365677585591072	-25.293778967052912	-29.365677585591072	0.0
PWY-621: sucrose degradation III (sucrose invertase)	684.736	56.7505	367.038	256.782	302.829	93.571	-1.1770444918359078	0.7214283583805575	-1.4150037851826487	0.5153853580839017
ARO-PWY: chorismate biosynthesis I	683.273	38.7178	267.482	156.644	236.857	29.3699	-1.52844580535651	-0.3986586135987734	-2.1249726011372005	0.771952295264549
PENTOSE-P-PWY: pentose phosphate pathway	682.98	1244.43	651.316	622.295	589.307	754.949	-0.21282392859196209	-0.7210339866252153	-0.1342446773198741	0.06575901320315779
PWY-8178: pentose phosphate pathway (non-oxidative branch) II	666.185	81.4969	401.034	258.133	351.272	99.286	-0.9233342848539237	0.28484511634543075	-1.3678082779405782	0.6356099638676425
COMPLETE-ARO-PWY: superpathway of aromatic amino acid biosynthesis	658.895	42.4102	267.859	166.287	236.755	33.3275	-1.4766536809480735	-0.34769817676799064	-1.986373186590554	0.6877983819079133
ANAEROFRUCAT-PWY: homolactic fermentation	657.53	56.986	337.699	237.383	305.589	95.151	-1.1054641037950736	0.7396112789845417	-1.4698400942202692	0.5085212842240664
HSERMETANA-PWY: L-methionine biosynthesis III	655.804	34.1989	256.322	161.265	235.139	36.1779	-1.4797508540841018	0.08115874281024346	-2.0238313360776248	0.6685239479973812
PWY-5384: sucrose degradation IV (sucrose phosphorylase)	651.906	76.0405	281.894	217.396	280.744	104.48	-1.21540876063554	0.4583868733427965	-1.584338553533278	0.37482737394110344
RHAMCAT-PWY: L-rhamnose degradation I	649.987	0.735427	242.746	121.524	183.744	0.0	-1.822713717549279	-19.488224579849582	-2.419169591812513	0.9982062545091944
PWY-7345: superpathway of anaerobic sucrose degradation	647.646	61.7838	330.445	228.979	293.87	3.10814	-1.140027368510265	-4.313104771884569	-1.4999901620118086	0.5291948717010708
P124-PWY: Bifidobacterium shunt	643.261	78.8988	316.276	208.43	286.88	5.13135	-1.1649568266814736	-3.9425927574856474	-1.6258412738102601	0.6016211371944022
PWY-5154: L-arginine biosynthesis III (via N-acetyl-L-citrulline)	642.48	52.3058	276.611	199.496	283.135	39.3493	-1.1821614415873216	-0.4106329501706684	-1.6872917198850237	0.4714987073795683
PWY-7790: UMP biosynthesis II	635.245	72.377	305.141	228.305	292.488	52.28	-1.118935676246615	-0.46927216097568486	-1.4763506551615455	0.4185135820985092
PWY-7229: superpathway of adenosine nucleotides de novo biosynthesis I	629.846	1154.81	592.575	571.236	529.053	682.152	-0.2515868689543483	-0.7594903571894944	-0.14091222382014762	0.05291085932829746
PWY-7197: pyrimidine deoxyribonucleotide phosphorylation	629.753	787.586	495.979	442.446	406.279	535.139	-0.6323152928032651	-0.557523791614816	-0.5092847019246075	0.1647776503682659
FERMENTATION-PWY: mixed acid fermentation	629.554	132.763	413.679	352.401	390.902	93.9826	-0.6875231630223922	-0.49838754537592006	-0.8371121104637947	0.23129370369124017
PWY-6124: inosine-5'-phosphate biosynthesis II	628.022	48.5756	285.95	210.014	280.674	53.9658	-1.161919668462989	0.15181359207043055	-1.5803295895765388	0.4452773993620081
GLCMANNANAUT-PWY: superpathway of N-acetylglucosamine, N-acetylmannosamine and N-acetylneuraminate degradation	614.134	29.4767	247.199	138.661	204.618	0.501436	-1.5856204089934578	-5.87736280481289	-2.146991398304655	0.8341108323643742
GLYCOLYSIS: glycolysis I (from glucose 6-phosphate)	609.39	60.7544	318.871	229.832	290.908	104.565	-1.066802851967858	0.7833392219674671	-1.40678614041668	0.47239321317063593
PWY-6126: superpathway of adenosine nucleotides de novo biosynthesis II	607.91	1069.06	577.446	546.393	503.919	654.169	-0.27066589715137823	-0.7086075252020266	-0.1539187498027085	0.07974703776508867
GLUCONEO-PWY: gluconeogenesis I	602.856	57.3173	284.31	205.616	269.911	93.0658	-1.159329659992381	0.6992804398190636	-1.551860900018296	0.4675123095465802
PWY-5484: glycolysis II (from fructose 6-phosphate)	602.546	51.2867	303.567	209.645	274.46	84.178	-1.1344754768208114	0.7148584765573002	-1.5231229577752021	0.5340665428760364
PWY-6151: S-adenosyl-L-methionine salvage I	602.43	985.663	584.139	499.265	509.743	601.076	-0.24102355645029028	-0.7135470531599584	-0.27098784220049377	0.22650593612175504
UDPNAGSYN-PWY: UDP-N-acetyl-D-glucosamine biosynthesis I	584.026	903.113	495.18	474.21	438.577	533.952	-0.4132024407249854	-0.7581964562642892	-0.3005065104109104	0.06242695981389668
PWY-7221: guanosine ribonucleotides de novo biosynthesis	577.895	788.266	476.175	448.753	425.646	545.545	-0.4411533139480179	-0.5309843437433597	-0.36488580325924014	0.08557029479867213
PWY-7228: superpathway of guanosine nucleotides de novo biosynthesis I	572.527	876.452	524.421	491.956	457.782	606.28	-0.3226829935369539	-0.5316908498843437	-0.21881444267142966	0.0921961697630288
PWY-6387: UDP-N-acetylmuramoyl-pentapeptide biosynthesis I (meso-diaminopimelate containing)	571.766	915.625	500.055	448.903	445.113	566.186	-0.36125319525236954	-0.693480777078411	-0.34902109437655543	0.15568304452906725
THRESYN-PWY: superpathway of L-threonine biosynthesis	565.204	122.425	332.595	261.392	294.041	87.7612	-0.9427543402379842	-0.48024303375837923	-1.1125566852376747	0.3475514915537779
PWY-7328: superpathway of UDP-glucose-derived O-antigen building blocks biosynthesis	561.914	44.3636	254.223	160.538	222.19	5.40983	-1.3385554538507498	-3.0357210431128543	-1.8074345092772925	0.6631797265063933
PWY0-1586: peptidoglycan maturation (meso-diaminopimelate containing)	550.389	2942.82	1150.84	1266.55	1055.78	1789.77	0.9397856987288128	-0.717425099679281	1.2023804884935636	-0.13821676066290817
PWY-6123: inosine-5'-phosphate biosynthesis I	550.296	31.2166	223.978	152.912	210.684	0.923207	-1.38512708224088	-5.079513923079018	-1.8475062063961234	0.5506554002554568
PWY-7220: adenosine deoxyribonucleotides de novo biosynthesis II	540.843	960.454	595.478	536.635	479.287	671.26	-0.17432004867550577	-0.5168448428362485	-0.011268706341823587	0.1501070562556268
PWY-7222: guanosine deoxyribonucleotides de novo biosynthesis II	540.843	960.454	595.478	536.635	479.287	671.26	-0.17432004867550577	-0.5168448428362485	-0.011268706341823587	0.1501070562556268
SER-GLYSYN-PWY: superpathway of L-serine and glycine biosynthesis I	537.465	86.0811	338.211	211.978	284.069	49.4234	-0.9199294052232377	-0.8005022394034209	-1.3422562612053919	0.6740090369093127
COA-PWY: coenzyme A biosynthesis I (prokaryotic)	533.533	986.801	520.623	499.442	466.91	618.649	-0.19243301907930221	-0.6736380703665077	-0.0952603588276263	0.059921900038038156
PWY-7851: coenzyme A biosynthesis II (eukaryotic)	527.716	820.843	501.693	469.17	456.264	557.195	-0.20989289812587278	-0.55892399597205	-0.1696509589233278	0.09669404198258115
PEPTIDOGLYCANSYN-PWY: peptidoglycan biosynthesis I (meso-diaminopimelate containing)	522.273	897.169	477.221	440.158	422.504	557.932	-0.3058391218530813	-0.6852904716315537	-0.24678263254058724	0.11663604020697944
PWY-I9: L-cysteine biosynthesis VI (from L-methionine)	518.528	196.082	481.19	444.813	444.688	137.71	-0.22162842100461003	-0.5098237749448845	-0.2212229422454118	0.11340770822043793
HISTSYN-PWY: L-histidine biosynthesis	515.708	31.5004	194.206	131.114	186.366	33.1067	-1.4684157373362785	0.07175306271000632	-1.9757326766567227	0.5667660290983006
COA-PWY-1: superpathway of coenzyme A biosynthesis III (mammals)	515.101	870.211	500.917	477.163	460.561	577.183	-0.16146309068876039	-0.5923364445157391	-0.11037316220613301	0.07008939568325288
PWY-724: superpathway of L-lysine, L-threonine and L-methionine biosynthesis II	513.213	79.721	269.645	194.559	226.725	83.8905	-1.1786142320016508	0.07354763701439061	-1.3993499919291028	0.4708535615759027
PWY-6386: UDP-N-acetylmuramoyl-pentapeptide biosynthesis II (lysine-containing)	504.995	977.17	502.605	475.993	443.208	588.71	-0.18828518070732916	-0.731052437374272	-0.08532874623666238	0.07848466603137652
PWY-3841: folate transformations II (plants)	495.696	797.74	469.229	453.039	434.376	581.28	-0.1905112226396343	-0.45668534730094323	-0.12982036634992142	0.050656929173294216
PWY-5686: UMP biosynthesis I	490.718	30.0993	227.786	166.56	219.974	52.28	-1.1575611748246504	0.7965291852503278	-1.5588522123225566	0.45163710392993434
PWY-7791: UMP biosynthesis III	490.718	30.0993	227.786	166.56	219.974	52.28	-1.1575611748246504	0.7965291852503278	-1.5588522123225566	0.45163710392993434
PWY-2941: L-lysine biosynthesis II	474.995	186.695	254.246	184.66	201.958	190.424	-1.2338570275013123	0.028532029021302672	-1.3630409305649442	0.46135368273911387
PWY-5097: L-lysine biosynthesis VI	471.833	187.431	271.2	190.392	207.997	194.82	-1.1817136002039337	0.0557822040441283	-1.3093034597436735	0.5103843162827782
PWY-5973: cis-vaccenate biosynthesis	471.204	1015.36	581.659	571.343	533.831	741.442	0.18003129992363326	-0.4535855849302016	0.2780053264297237	0.025816501896803075
PWY-6823: molybdopterin biosynthesis	465.039	4.53286	182.279	99.7836	149.907	0.0	-1.6332839524592082	-22.11199049104105	-2.2204770749652036	0.869273729334413
PWY-6385: peptidoglycan biosynthesis III (mycobacteria)	458.099	963.441	506.548	468.997	451.611	597.358	-0.020578786889508316	-0.6896005134433179	0.03391928076053802	0.11112028928215285
TRNA-CHARGING-PWY: tRNA charging	436.691	339.886	492.573	441.019	449.783	353.665	0.04261633579719945	0.057332513397478746	0.014228013195137067	0.1594967380993806
PWY-7953: UDP-N-acetylmuramoyl-pentapeptide biosynthesis III (meso-diaminopimelate containing)	433.774	219.6	449.966	415.61	403.281	8.18239	-0.10515814472651717	-4.746211771847861	-0.06171321431885475	0.11458562606167547
PWY-6902: chitin degradation II (Vibrio)	404.367	3.28299	159.083	99.4438	139.867	0.0	-1.5316096428974861	-21.64657936423258	-2.023711922561621	0.677826336936866
PWY-7208: superpathway of pyrimidine nucleobases salvage	368.341	916.749	484.976	483.763	424.404	614.22	0.2043962607569956	-0.5777712968844355	0.39325843748395145	0.003612923595658231
PWY66-429: fatty acid biosynthesis initiation (mitochondria)	339.644	908.044	458.992	476.344	420.812	612.004	0.3091524763160776	-0.5692211231197605	0.48798044729435863	-0.05353480839228329
PWY-7234: inosine-5'-phosphate biosynthesis III	301.229	21.646	113.0	75.2996	105.795	0.0	-1.509589213831072	-24.367597182449213	-2.0001465475834523	0.5856086599774682
PWY-5981: CDP-diacylglycerol biosynthesis III	298.938	448.332	290.71	266.089	257.566	299.564	-0.21490413541096726	-0.581703215964416	-0.16793742742521808	0.12767182724728696
ASPASN-PWY: superpathway of L-aspartate and L-asparagine biosynthesis	279.887	1005.02	447.453	449.576	403.321	561.379	0.5270840447916725	-0.840177208528135	0.6837205402127544	-0.00682887015604913
PWY-5667: CDP-diacylglycerol biosynthesis I	239.506	57.866	178.474	169.967	190.313	173.376	-0.3316876832791894	1.5831163610998586	-0.494807129106408	0.07045925147869478
PWY0-1319: CDP-diacylglycerol biosynthesis II	239.506	57.866	178.474	169.967	190.313	173.376	-0.3316876832791894	1.5831163610998586	-0.494807129106408	0.07045925147869478
PWY-841: superpathway of purine nucleotides de novo biosynthesis I	182.221	106.883	410.714	325.742	383.6	79.8411	1.0739134845568203	-0.42082890013169344	0.8380405124970357	0.3344043767279365
PWY0-166: superpathway of pyrimidine deoxyribonucleotides de novo biosynthesis (E. coli)	126.533	537.158	303.661	340.727	306.387	451.215	1.2758413872534626	-0.25153147649403323	1.4291025762408622	-0.16615464276433417
PWY-7184: pyrimidine deoxyribonucleotides de novo biosynthesis I	116.903	539.868	304.505	347.962	310.449	466.602	1.409044323666758	-0.21041421378794553	1.5736178003927404	-0.19246384370434286
PWY-6629: superpathway of L-tryptophan biosynthesis	116.527	23.9675	117.765	102.757	131.851	29.1485	0.1782442370165048	0.2823422003293923	-0.18142759663565733	0.1966741527989377
PWY-7282: 4-amino-2-methyl-5-diphosphomethylpyrimidine biosynthesis II	107.59	30.9634	101.174	113.959	131.231	52.4549	0.2865645657640613	0.7605136290308986	0.08297087410886779	-0.171676275923006
PWY-7511: protein ubiquitination	106.04	36.0121	160.197	221.047	214.141	290.841	1.0139524621772444	3.013676989900437	1.0597445720969632	-0.4645060212816249
FOLSYN-PWY: superpathway of tetrahydrofolate biosynthesis and salvage	96.0882	36.4483	120.42	132.552	140.277	50.5437	0.5458472989590587	0.47167974133420776	0.4641272557277533	-0.13848341472454936
FASYN-INITIAL-PWY: superpathway of fatty acid biosynthesis initiation (E. coli)	86.5394	83.3557	179.389	142.838	208.933	236.981	1.2716113443084096	1.5074186226115307	0.7229508088398902	0.3287115871843891
PWY-5345: superpathway of L-methionine biosynthesis (by sulfhydrylation)	78.0773	17.7391	89.5385	95.1061	109.357	40.4721	0.48607049686230824	1.1899948474330657	0.2846347098463249	-0.08702972637942855
PWY-7269: mitochondrial NADPH production (yeast)	74.3079	26.4774	109.085	154.042	145.707	183.965	0.9714826756655384	2.7965979018899505	1.0517362462185955	-0.49787102171408826
PWY-6125: superpathway of guanosine nucleotides de novo biosynthesis II	72.4286	852.374	446.677	460.433	399.364	591.556	2.463072878723209	-0.5269718378453743	2.6683598264653856	-0.043759267191780145
PWY-5971: palmitate biosynthesis (type II fatty acid synthase)	71.4317	729.64	562.182	589.438	555.472	753.031	2.959077811591298	0.04552443497556878	3.044703692157688	-0.06830280917467084
P41-PWY: pyruvate fermentation to acetate and (S)-lactate I	69.7284	20.8218	96.0565	130.723	131.927	164.769	0.9199215622676237	2.9842780786834453	0.9066947053629938	-0.4445578464926705
RIBOSYN2-PWY: flavin biosynthesis I (bacteria and plants)	69.1876	62.9185	136.214	151.917	148.34	178.375	1.1003222607996572	1.5033572329594638	1.1346979075234531	-0.15740832961206302
PWY-6285: superpathway of fatty acids biosynthesis (E. coli)	68.5194	243.854	382.939	358.285	415.155	20.6261	2.599065632762052	-3.5634746072826537	2.38652320432911	0.09600695231559966
PWY-5989: stearate biosynthesis II (bacteria and plants)	67.467	84.28	183.947	212.073	217.664	275.693	1.6898488842820154	1.7098004058235865	1.6523070245297817	-0.20527080778025583
PWY-6612: superpathway of tetrahydrofolate biosynthesis	66.6351	28.7639	88.0462	101.746	104.899	58.6986	0.6546466955030424	1.0290667697621483	0.6106178492230595	-0.20863943087906375
PHOSLIPSYN-PWY: superpathway of phospholipid biosynthesis I (bacteria)	66.1294	21.5857	84.7999	94.0253	102.491	91.2447	0.6321335037661293	2.079664831994654	0.5077571860191278	-0.14898643921448615
PWY-6168: flavin biosynthesis III (fungi)	62.1199	46.7558	109.739	131.988	129.809	158.381	1.0632629881393336	1.7601820069742276	1.0872793448298033	-0.2663304329335334
PWY-3781: aerobic respiration I (cytochrome c)	61.7792	26.163	81.7822	121.645	114.915	149.374	0.8953740220350254	2.513329126225546	0.9774839163575726	-0.5728182382835716
PWY-7279: aerobic respiration II (cytochrome c) (yeast)	61.7792	23.8948	81.7822	122.492	114.915	149.374	0.8953740220350254	2.644160406774486	0.9874944235102692	-0.5828287454362682
FASYN-ELONG-PWY: fatty acid elongation -- saturated	60.7303	1083.43	582.955	621.157	567.39	799.898	3.2238523017064162	-0.43771799422555807	3.354469539190731	-0.0915734396432083
PWY-6284: superpathway of unsaturated fatty acids biosynthesis (E. coli)	60.5668	170.568	297.066	253.195	329.493	404.947	2.4436487015654835	1.2473860833727475	2.0636498022835936	0.23053457821931808
PWY-5367: petroselinate biosynthesis	60.564	58.178	139.016	108.796	167.875	196.33	1.4708549868428116	1.7547350151969268	0.845093107211149	0.3536254207709869
PWY-3001: superpathway of L-isoleucine biosynthesis I	59.8883	32.6997	75.5103	93.3832	97.8655	68.7503	0.7085261742586498	1.0720885858441882	0.6408888379049125	-0.3064895741741317
P122-PWY: heterolactic fermentation	59.364	57.1898	159.122	172.786	185.839	10.0566	1.6463930691532358	-2.507615110071466	1.541326101355428	-0.11885301244215649
PWY-922: mevalonate pathway I (eukaryotes and bacteria)	58.754	43.5131	289.049	203.279	249.308	78.4391	2.0851701796964197	0.8501231652302621	1.7907021864537864	0.5078528956759698
PWY-6282: palmitoleate biosynthesis I (from (5Z)-dodec-5-enoate)	55.3913	1038.96	528.181	579.463	513.748	765.123	3.2133295460317997	-0.4413765139957156	3.3869852181498983	-0.13368413958062036
TRPSYN-PWY: L-tryptophan biosynthesis	54.3219	15.9865	67.3265	70.5378	83.7091	28.8475	0.623850515919468	0.8515921389735942	0.37686263305965356	-0.06722211175215011
PWY0-1061: superpathway of L-alanine biosynthesis	54.209	20.0972	70.4283	86.0145	90.6364	94.7528	0.74155815539302	2.237174004864572	0.6660474809654611	-0.28842462135319663
PWY-821: superpathway of sulfur amino acid biosynthesis (Saccharomyces cerevisiae)	53.5087	15.0185	67.9159	71.4888	81.8554	32.7999	0.6133041061571277	1.1269506360431707	0.4179437498907346	-0.07396786675316355
PWY-7664: oleate biosynthesis IV (anaerobic)	53.4933	1027.23	542.025	580.173	525.256	763.878	3.2955906013230094	-0.427345094284722	3.43905302134596	-0.09812376198908422
PWY-7385: 1,3-propanediol biosynthesis (engineered)	53.4354	24.2591	102.702	123.757	131.778	75.9427	1.3022417966508237	1.6463852234918854	1.2116423910346605	-0.2690458507770284
PWY-6936: seleno-amino acid biosynthesis (plants)	52.0479	20.0677	70.3071	85.6978	89.5132	53.0097	0.7822604768211543	1.401381055297863	0.7194182019990903	-0.2855877768489035
PWY-6628: superpathway of L-phenylalanine biosynthesis	51.334	19.5256	68.0842	74.9724	84.3107	28.4725	0.7158010451664834	0.544202268385907	0.5464448959967116	-0.13903954697072907
1CMET2-PWY: folate transformations III (E. coli)	51.2202	35.4744	78.0794	103.844	103.956	138.678	1.0211882225815716	1.9668887167066431	1.0196330555106294	-0.41140398487665125
SO4ASSIM-PWY: assimilatory sulfate reduction I	48.4302	15.6521	58.3625	65.7449	75.991	30.3615	0.649921591386018	0.9558867910938398	0.44097201657275825	-0.1718372989590044
POLYISOPRENSYN-PWY: polyisoprenoid biosynthesis (E. coli)	48.3653	23.6114	67.1155	79.0322	86.0891	4.15872	0.8318582244907248	-2.5052718415734785	0.7084682094385294	-0.23579457709047347
CALVIN-PWY: Calvin-Benson-Bassham cycle	47.9841	31.4169	70.2615	87.6403	95.6552	84.9076	0.9952869494537302	1.4343528323176877	0.8690379752635207	-0.31886004200602447
GLYCOLYSIS-TCA-GLYOX-BYPASS: superpathway of glycolysis, pyruvate dehydrogenase, TCA, and glyoxylate bypass	46.5603	17.6815	65.082	84.9378	87.0278	5.44849	0.9023759580883592	-1.6983121264985497	0.8673063735507283	-0.38414814992222474
PWY0-862: (5Z)-dodecenoate biosynthesis I	46.1816	962.054	500.055	544.385	485.364	732.422	3.393677015395769	-0.39344274764350823	3.559237224277342	-0.1225405324796414
CITRULBIO-PWY: L-citrulline biosynthesis	45.1665	19.7741	67.6755	83.7894	83.4028	53.7543	0.8848426818802378	1.44276808631629	0.8915146066492842	-0.30813409801438657
PWY66-389: phytol degradation	43.9945	13.2794	70.6922	92.5539	95.7919	120.206	1.1225804759523483	3.1782469440194743	1.072970590292628	-0.38874273781045615
PWY4FS-7: phosphatidylglycerol biosynthesis I (plastidic)	43.9331	15.9469	62.0579	75.7058	79.3718	57.5695	0.853318206517111	1.852028618542299	0.7850955167082462	-0.28678895071903276
PWY4FS-8: phosphatidylglycerol biosynthesis II (non-plastidic)	43.9331	15.9469	62.0579	75.7058	79.3718	57.5695	0.853318206517111	1.852028618542299	0.7850955167082462	-0.28678895071903276
PWY0-162: superpathway of pyrimidine ribonucleotides de novo biosynthesis	42.9436	17.6276	65.6696	78.0127	98.2365	61.8528	1.1938160032667668	1.8110027822738501	0.8612658514294139	-0.24848333405492656
PWY-6901: superpathway of glucose and xylose degradation	42.4423	217.528	444.287	414.035	404.567	394.869	3.252803870638124	0.8601729922690758	3.286177954146346	0.10173919840272094
PWY-6897: thiamine diphosphate salvage II	42.4005	20.8971	62.2652	83.8274	83.8005	110.697	0.9828775574536069	2.405241417194113	0.9833405889235475	-0.4289958106768011
PWY-5464: superpathway of cytosolic glycolysis (plants), pyruvate dehydrogenase and TCA cycle	42.0113	14.9049	60.0881	81.4079	82.1203	79.5476	0.966961451753449	2.4160316295318136	0.9543913575859065	-0.43808949303451017
PWY-6630: superpathway of L-tyrosine biosynthesis	39.1185	11.8782	50.264	60.6175	62.8912	26.1119	0.6850070981875666	1.1363911417581738	0.6318832891610043	-0.27020886331030813
UDPNACETYLGALSYN-PWY: UDP-N-acetyl-D-glucosamine biosynthesis II	38.5617	10.7505	49.4001	67.55	65.8595	67.2217	0.7722228891840542	2.6445231549898156	0.8087870990360934	-0.451441799461803
PWY-5941: glycogen degradation II	38.1292	12.892	56.3969	73.3552	76.3183	40.3749	1.0011327547783455	1.6469825168798036	0.9440029592816916	-0.37928336993179423
PWY-4984: urea cycle	37.7788	15.0411	40.9564	51.7577	55.8298	43.4982	0.5634584986801813	1.5320455598335596	0.4541966212900178	-0.337684590766706
PWY-6293: superpathway of L-cysteine biosynthesis (fungi)	36.8495	11.7679	49.5811	60.7194	62.5757	37.9881	0.7639574645958682	1.6906905796623515	0.7205124754625852	-0.2923672502364405
SULFATE-CYS-PWY: superpathway of sulfate assimilation and cysteine biosynthesis	36.0111	11.3422	46.6799	57.262	61.7619	26.1689	0.7782754496869343	1.2061527093820201	0.6691363766523248	-0.29477658433497284
P105-PWY: TCA cycle IV (2-oxoglutarate decarboxylase)	33.4841	14.4706	45.3375	60.4967	62.5126	1.17581	0.900670796578829	-3.6213967568720373	0.8533802373505833	-0.41615159961493475
PWY-6859: all-trans-farnesol biosynthesis	33.0031	17.7983	47.7607	61.3606	63.8223	82.0735	0.9514590356512306	2.205176965300094	0.8947110257535312	-0.3614886017887952
PWY-7111: pyruvate fermentation to isobutanol (engineered)	32.708	24.045	41.8241	60.1288	61.9266	72.5487	0.9209156726393025	1.5932127965467593	0.878412601141648	-0.5237216605416939
PWY-5910: superpathway of geranylgeranyldiphosphate biosynthesis I (via mevalonate)	32.1159	20.0648	66.2369	84.0249	86.22	65.1697	1.4247348079486217	1.6995345281200764	1.3875291664185143	-0.3431817621118437
PWY-6981: chitin biosynthesis	30.2835	9.76478	39.6234	51.336	54.91	57.1497	0.8585369362162498	2.549086356972473	0.7614389151000001	-0.3736181998859043
PWY-5067: glycogen biosynthesis II (from UDP-D-Glucose)	30.0552	8.65375	41.0512	53.02	51.6731	50.2266	0.7817987968088339	2.537054131506254	0.8189220290201967	-0.36911226709584305
PANTOSYN-PWY: superpathway of coenzyme A biosynthesis I (bacteria)	29.9536	18.5648	45.2511	59.1235	60.8964	89.0471	1.0236275136536224	2.2619987932694325	0.9810022480637096	-0.38577880655520613
PWY-5690: TCA cycle II (plants and fungi)	29.399	11.2581	42.7579	61.8326	59.6092	76.0124	1.0197679035557776	2.7552713091691494	1.0726005620731194	-0.5321766617100574
VALSYN-PWY: L-valine biosynthesis	29.2747	20.0426	35.7834	49.4509	51.933	54.4763	0.8269971597032629	1.4425590017388281	0.7563423715653153	-0.46670629374913936
PWY-7761: NAD salvage pathway II (PNC IV cycle)	28.8112	14.7313	40.0169	53.9875	51.0184	38.9508	0.8243878824817144	1.4027681486379537	0.905995637406315	-0.4320159921769221
PWY-7196: superpathway of pyrimidine ribonucleosides salvage	28.6872	12.2923	52.4693	67.5888	73.6927	96.4393	1.361114520851383	2.9718661946410956	1.2363770099209974	-0.3653106512359483
PWY66-398: TCA cycle III (animals)	28.4767	10.7389	42.228	61.1311	59.5773	75.9078	1.0649807463202452	2.8214018001426004	1.1021245298838653	-0.5337065968700037
ARGININE-SYN4-PWY: L-ornithine biosynthesis II	28.4219	13.2953	47.0747	58.6889	58.5802	25.5904	1.0434100908673687	0.94468631492471	1.046084640142214	-0.3181357612296474
PWY-8187: L-arginine degradation XIII (reductive Stickland reaction)	28.3123	1051.6	527.481	504.974	465.648	580.906	4.039738875157178	-0.8562094097540668	4.15670820147206	0.06291001980707024
PWY-7118: chitin deacetylation	28.0237	12.9814	42.9452	61.544	59.049	83.4315	1.0752651516520586	2.684146108252297	1.1349707364568495	-0.5191213134591227
PWY66-409: superpathway of purine nucleotide salvage	27.3803	24.1051	82.0563	108.142	110.519	137.886	2.0130842147745076	2.516065613648534	1.9817167448313942	-0.39824093077331035
PWY-7245: superpathway of NAD/NADP - NADH/NADPH interconversion (yeast)	26.9011	21.1764	52.8626	78.9442	73.1903	98.0661	1.4439872585813187	2.211297099675207	1.5531680738344922	-0.5785858823149413
PWY-6969: TCA cycle V (2-oxoglutarate synthase)	26.864	12.822	38.8646	55.9539	54.9653	69.9041	1.032846959126209	2.4467556690061225	1.058564527582547	-0.5257820116600458
ILEUSYN-PWY: L-isoleucine biosynthesis I (from threonine)	26.0953	16.837	35.4133	48.8164	49.3792	52.9832	0.9201134495351306	1.6538998182897569	0.9035758929998425	-0.46307460728415467
TCA: TCA cycle I (prokaryotic)	26.0918	12.2954	39.313	56.5411	54.9924	69.8156	1.0756357465125632	2.505430669715816	1.1157034460483128	-0.5242934787734038
PYRIDNUCSAL-PWY: NAD salvage pathway I (PNC VI cycle)	26.0082	20.5299	54.6861	73.2054	69.0419	53.3141	1.4085055774256539	1.3767904901566557	1.4929834818044863	-0.420775887866143
PANTO-PWY: phosphopantothenate biosynthesis I	25.9379	12.6499	33.7278	49.9138	52.7065	68.1203	1.0229191841881122	2.4289587155813326	0.9443770355140034	-0.5655005111448883
PWY-6147: 6-hydroxymethyl-dihydropterin diphosphate biosynthesis I	25.8957	10.7505	33.0129	41.0201	42.0899	29.508	0.7007615033680741	1.4567022951123092	0.663618431096583	-0.31330112345808137
TCA-GLYOX-BYPASS: superpathway of glyoxylate bypass and TCA	25.8448	11.2691	38.5898	54.9679	54.1401	68.0951	1.0668234850944567	2.5951785812902113	1.088715295934394	-0.510369785582374
GLYOXYLATE-BYPASS: glyoxylate cycle	25.3017	11.6751	34.3386	49.6056	49.668	59.9648	0.9730823047832424	2.3606808647373683	0.9712686467594809	-0.5306717621908529
PWY-7858: (5Z)-dodecenoate biosynthesis II	25.0643	12.0144	45.6136	70.2597	69.7627	89.3286	1.4768218975563936	2.8943574456169183	1.487063436570415	-0.6232333676469612
PWY-8055: palmitoyl ethanolamide biosynthesis	25.0153	8.64443	38.1131	52.2272	51.9026	61.3525	1.0529960264504101	2.827279245746999	1.0619905759099921	-0.45451439270398625
BRANCHED-CHAIN-AA-SYN-PWY: superpathway of branched chain amino acid biosynthesis	24.9568	14.852	34.8765	48.9561	48.9367	49.9118	0.971483828157304	1.7487236450393793	0.9720556431138243	-0.48923335398866563
PWY-5514: UDP-N-acetyl-D-galactosamine biosynthesis II	24.8497	6.41568	32.0815	38.9356	44.8391	49.9427	0.8515288602714026	2.960599532059571	0.6478614026143859	-0.27934825264081314
PWY-7268: cytosolic NADPH production (yeast)	24.3622	26.1935	50.6828	75.7259	69.8101	94.7167	1.5187913194959235	1.8544099306003023	1.636142359325142	-0.5792905809099419
PWY-7391: isoprene biosynthesis II (engineered)	23.9722	20.3359	82.7799	103.728	105.436	55.0473	2.136933276872533	1.436642917287585	2.113371116285625	-0.3254529687507056
PWY1ZNC-1: assimilatory sulfate reduction IV	23.5436	5.33716	30.9415	39.42	41.8934	20.9316	0.831388012327994	1.9715382263309529	0.7435928151382376	-0.34938462806286863
PWY-7199: pyrimidine deoxyribonucleosides salvage	23.1008	1069.58	386.576	422.314	348.166	605.514	3.9137605464460874	-0.8208121711534869	4.192301295876898	-0.12756400121195388
PWY-801: homocysteine and cysteine interconversion	22.8039	8.63068	33.2319	45.5013	43.7735	45.0224	0.9407771318538442	2.383096692128493	0.9966271529523787	-0.4533389728684773
PWY-6842: glutathione-mediated detoxification II	22.3203	8.86568	34.6739	48.8363	45.9417	59.7835	1.0414477910210183	2.7534440272985883	1.1295974479125677	-0.4941037740390579
PWY-7411: phosphatidate biosynthesis (yeast)	22.0693	7.84709	33.8945	49.2101	47.4718	56.311	1.1050298482957073	2.8431869610198457	1.1569135415686744	-0.5379032461241218
P125-PWY: superpathway of (R,R)-butanediol biosynthesis	21.1276	11.3642	29.2996	48.2721	44.5273	49.5549	1.0755612049750511	2.1245314936104736	1.192060658939486	-0.7203086019026519
PWY-5103: L-isoleucine biosynthesis III	21.1224	14.0072	30.0798	42.0583	41.7472	46.6396	0.9829056370022817	1.7353867494975472	0.9936167353942673	-0.48359554913768676
PWY-5079: L-phenylalanine degradation III	21.0513	8.75192	30.5409	46.3197	42.4698	49.3292	1.0125279520614885	2.494770299067708	1.1377165439346886	-0.60088331624616
PWY-5129: sphingolipid biosynthesis (plants)	20.7628	8.7259	33.2899	46.2815	43.9281	58.7258	1.0811430502542483	2.7506184754671903	1.1564345714330126	-0.47535107454855724
GLYCOCAT-PWY: glycogen degradation I	20.2269	8.96794	26.3709	36.17	35.9283	31.6675	0.8288454149696083	1.820154331629439	0.8385183389633606	-0.4558467740715168
PWY-6922: L-N&delta;-acetylornithine biosynthesis	19.3729	8.33152	26.1978	34.6723	35.9626	26.7885	0.8924573608857853	1.6849620520501931	0.8397435761853591	-0.4043378636261852
PWY3O-4107: NAD salvage pathway V (PNC V cycle)	19.3618	16.3813	41.7295	59.6315	54.2056	74.2208	1.485228775477362	2.179773630749949	1.6228614959114904	-0.5150069826660996
PWY-5659: GDP-mannose biosynthesis	19.293	9.0791	28.8422	37.4374	40.4234	56.8906	1.0671131370674378	2.647568965901469	0.9564027127343827	-0.3762990194016043
P185-PWY: formaldehyde assimilation III (dihydroxyacetone cycle)	18.8055	8.8972	27.3851	37.0292	39.623	48.611	1.075183410477627	2.4498593921306835	0.9775086780671148	-0.4352722187660403
PWY-5972: stearate biosynthesis I (animals)	18.0009	7.62427	27.4186	38.8221	39.154	49.2038	1.121090618976179	2.6900984632728604	1.1088090772342165	-0.5017232356079346
PWY-7409: phospholipid remodeling (phosphatidylethanolamine, yeast)	16.8248	7.98066	27.0014	38.082	37.1069	49.7542	1.141098077662016	2.64023819682956	1.1785198452776016	-0.4960750211617417
PWY3DJ-12: ceramide de novo biosynthesis	16.6985	4.67549	28.0262	40.2478	38.2776	50.5547	1.1967818136897987	3.4346554685373594	1.269191361647177	-0.5221337637199404
PWY-6292: superpathway of L-cysteine biosynthesis (mammalian)	15.9255	8.79758	25.9311	36.608	34.2689	46.0268	1.1055611666145349	2.3872953772841803	1.2008202377298811	-0.4974755342372689
PWY-6352: 3-phosphoinositide biosynthesis	15.9252	6.53831	22.5708	33.0728	31.4683	40.2513	0.9825877068432812	2.6220455078833877	1.0543336537804446	-0.5511876170854768
PWY-6609: adenine and adenosine salvage III	15.2993	818.417	304.012	357.253	277.342	528.604	4.180128471199451	-0.6306487697707546	4.545408485149142	-0.23281785453348394
PWY-7039: phosphatidate metabolism, as a signaling molecule	15.2747	6.07587	21.9173	29.6261	29.4063	37.4692	0.9449811801617747	2.624542069042141	0.9557246303570439	-0.4347986211838943
PWY3O-4108: L-tyrosine degradation III	14.873	5.64671	20.9799	30.1667	29.6686	36.2525	0.9962411226738558	2.682597826853255	1.0202611568599187	-0.5239490632971482
PWY66-388: ceramide degradation by &alpha;-oxidation	14.6865	6.15621	24.8938	38.1664	34.4546	48.2163	1.2302059299458923	2.9694063912180035	1.3778124297669807	-0.616516620042124
ERGOSTEROL-SYN-PWY: superpathway of ergosterol biosynthesis I	14.1723	6.23224	22.3799	30.2562	31.2393	35.5954	1.1402881608520525	2.513867925593611	1.0941568409052231	-0.435027198234233
PWY-7800: Ac/N-end rule pathway	13.969	5.22676	21.5373	34.9194	33.6123	39.409	1.266760459328612	2.9145360813510854	1.3217999621060943	-0.6971913451729383
HEME-BIOSYNTHESIS-II: heme b biosynthesis I (aerobic)	13.9378	7.92619	20.657	28.5116	27.1711	26.3489	0.9630700644465368	1.7330431510718427	1.0325460908675594	-0.4649182348207101
PWY-6351: D-myo-inositol (1,4,5)-trisphosphate biosynthesis	13.6124	4.58618	19.423	24.9046	24.5909	35.2355	0.8532030390496175	2.9416645282239333	0.8714907410057166	-0.35864617234885154
PWY-7238: sucrose biosynthesis II	13.5766	6.29989	17.9168	25.056	24.654	22.5911	0.8606994591796804	1.8423558110413434	0.8840338396430473	-0.48384310452232204
NADSYN-PWY: NAD de novo biosynthesis II (from tryptophan)	13.2885	4.83749	20.3492	27.1892	28.1526	33.5897	1.08308984650024	2.7956880711414422	1.032855384392628	-0.4180616069972023
PWY-5873: ubiquinol-7 biosynthesis (late decarboxylation)	13.2849	8.32769	24.7243	36.4241	34.16	47.1549	1.3625205403864946	2.501419280470631	1.4551058881035719	-0.5589636309048867
PWY-6920: 6-gingerol analog biosynthesis (engineered)	13.1594	4.83746	18.6906	28.898	28.9064	36.5214	1.135295175987309	2.9164201744153146	1.1348758778712664	-0.6286567387320621
PWY3O-19: ubiquinol-6 biosynthesis (late decarboxylation)	12.8843	6.2208	21.5649	31.5865	29.6024	40.9353	1.200099924993357	2.71817324252146	1.293693861020082	-0.5506230381752052
TRIGLSYN-PWY: diacylglycerol and triacylglycerol biosynthesis	12.8455	5.02911	24.8189	35.6836	32.0603	40.7198	1.3195248110801252	3.0173552095799137	1.4739980524442589	-0.5238219785083782
PWY-6309: L-tryptophan degradation XI (mammalian, via kynurenine)	12.7684	6.7468	18.789	28.1871	26.8124	31.3967	1.0703225495608684	2.218337461660148	1.1424572404037998	-0.5851467450107835
PWY-3502: superpathway of NAD biosynthesis in eukaryotes	12.6207	5.26542	22.3234	29.6862	30.4068	37.9904	1.2686019980122543	2.851014147607568	1.2340004355720082	-0.4112356402583154
PWY-7230: ubiquinol-6 biosynthesis from 4-aminobenzoate (yeast)	12.5595	5.65457	20.4435	30.3255	28.3984	39.9664	1.1770305538207098	2.8212981836498887	1.2717523341180301	-0.5688891974263143
PWY-5920: superpathway of heme b biosynthesis from glycine	12.5038	6.79102	18.7789	25.9201	25.2197	29.1687	1.0121844485385072	2.102720739918766	1.0517046169144353	-0.46495870538650563
PWY-7235: superpathway of ubiquinol-6 biosynthesis (late decarboxylation)	12.2409	5.4625	19.741	29.356	27.7407	38.9131	1.1802944921280194	2.8326224099804267	1.2619456989706799	-0.5724603055982008
PWY0-1296: purine ribonucleosides degradation	11.9059	802.086	273.174	331.001	249.932	530.59	4.3917869258936655	-0.5961594449951422	4.79708687164271	-0.2770153965466174
PWY-7185: UTP and CTP dephosphorylation I	11.8047	6.81731	30.8758	42.7306	39.4989	56.699	1.7424510127756105	3.056048611838259	1.8559081083061206	-0.46879304395747934
MANNOSYL-CHITO-DOLICHOL-BIOSYNTHESIS: protein N-glycosylation initial phase (eukaryotic)	11.5975	4.01708	17.5864	25.1675	24.8789	30.5472	1.1011087867137317	2.9268207367029673	1.1177480010235474	-0.5171017014594017
PWY-7919: protein N-glycosylation processing phase (plants and animals)	11.5372	4.09856	17.2942	24.5804	24.8932	30.79	1.109458498200697	2.909272539046182	1.0912151925224298	-0.5072200896763994
ALLANTOINDEG-PWY: superpathway of allantoin degradation in yeast	11.4893	4.23207	15.0664	21.6744	21.6756	27.2402	0.9157809674208585	2.6863016123814374	0.9157010950347161	-0.5246572902379918
PWY-6829: tRNA methylation (yeast)	11.4031	3.91966	16.9199	23.5979	24.1096	30.2526	1.0801815659804355	2.9482583946020466	1.0492323302193682	-0.4799374124731678
PWY-5189: tetrapyrrole biosynthesis II (from glycine)	11.3968	5.9924	18.1725	24.6902	23.5321	33.6797	1.0460012063372974	2.490673256044622	1.1153096542372345	-0.4421815964385105
PWY-7337: 10-cis-heptadecenoyl-CoA degradation (yeast)	11.3805	5.33976	19.955	30.2256	30.2067	38.1834	1.4083045595920871	2.8380985339597737	1.4092069557034184	-0.5990206748819485
PWY-7338: 10-trans-heptadecenoyl-CoA degradation (reductase-dependent, yeast)	11.3805	5.33976	19.955	30.2256	30.2067	38.1834	1.4083045595920871	2.8380985339597737	1.4092069557034184	-0.5990206748819485
PWY66-391: fatty acid &beta;-oxidation VI (mammalian peroxisome)	11.3805	7.70763	0.0	0.0	0.0	0.0	-23.440060734536672	-22.877856074116472	-23.440060734536672	0.0
PWY-5651: L-tryptophan degradation to 2-amino-3-carboxymuconate semialdehyde	11.2604	3.57174	17.7201	23.3238	24.87	28.6895	1.143148360667417	3.005823501081526	1.0505447138730128	-0.3964160918643004
HEME-BIOSYNTHESIS-II-1: heme b biosynthesis V (aerobic)	11.185	7.74632	16.4465	25.4202	24.0056	23.9172	1.1018056701258496	1.6264653710301626	1.1844100525360515	-0.6281947552881243
PWY-7546: diphthamide biosynthesis II (eukaryotes)	11.116	6.8404	17.2159	26.5345	23.652	32.8002	1.089324373775383	2.261551848925829	1.2552315486706318	-0.6241277312907476
PWY-7283: wybutosine biosynthesis	11.0195	5.59223	17.7004	25.9989	24.3172	33.184	1.1419182834759407	2.568991981836289	1.2383917450419233	-0.5546685956312676
PWY-5080: very long chain fatty acid biosynthesis I	10.7469	5.29388	16.085	24.37	22.9673	31.6766	1.0956606274468597	2.5810198676754217	1.181185609189476	-0.5993902845782845
PWY-7286: 7-(3-amino-3-carboxypropyl)-wyosine biosynthesis	10.7384	6.31674	18.0612	26.9757	24.9758	32.8469	1.2177517624691039	2.3785049383711434	1.3288812655523408	-0.5787666209303508
PWY-6075: ergosterol biosynthesis I	9.59394	4.47622	13.623	18.1476	18.6904	23.4708	0.962102049723705	2.3905139063606127	0.9195833729962865	-0.41373429701524844
PWY-7724: icosapentaenoate biosynthesis III (8-desaturase, mammals)	9.40358	4.20547	13.5045	18.6259	19.5987	25.4914	1.0594758731613074	2.5996713735279684	0.9860280528090037	-0.463869883147822
SPHINGOLIPID-SYN-PWY: sphingolipid biosynthesis (yeast)	9.36244	4.15566	15.5703	20.4105	20.6961	26.7573	1.1444023725426749	2.686782723523801	1.1243549682967233	-0.3905147610710193
PWY-7036: very long chain fatty acid biosynthesis II	9.32039	4.24888	13.4413	18.9891	19.4401	25.7434	1.0605733306034355	2.599047819563838	1.0267092218651843	-0.49849882057293404
PWY-8041: ultra-long-chain fatty acid biosynthesis	9.32039	4.24888	13.4413	18.9891	19.4401	25.7434	1.0605733306034355	2.599047819563838	1.0267092218651843	-0.49849882057293404
PWY-7035: (9Z)-tricosene biosynthesis	9.32039	4.24888	13.4413	18.9891	19.4401	25.7434	1.0605733306034355	2.599047819563838	1.0267092218651843	-0.49849882057293404
PWY-7420: monoacylglycerol metabolism (yeast)	9.00556	3.14682	14.7974	22.7019	19.9661	26.0409	1.1486645728653224	3.048812344230166	1.3339250537195917	-0.6174693055630317
PWY-5347: superpathway of L-methionine biosynthesis (transsulfuration)	8.68803	7.01458	0.0	0.0	0.0	0.0	-23.050597820195094	-22.741925499644662	-23.050597820195094	0.0
PWY-6598: sciadonate biosynthesis	8.14153	3.65614	11.6789	16.0636	16.9424	22.0239	1.057266320059924	2.5906764154987623	0.9804233188071427	-0.4598908189867684
PWY-7619: juniperonate biosynthesis	8.14153	3.65614	11.6789	16.0636	16.9424	22.0239	1.057266320059924	2.5906764154987623	0.9804233188071427	-0.4598908189867684
PWY-7725: arachidonate biosynthesis V (8-detaturase, mammals)	8.14153	3.65614	11.6789	16.0636	16.9424	22.0239	1.057266320059924	2.5906764154987623	0.9804233188071427	-0.4598908189867684
PWY-6606: guanosine nucleotides degradation II	7.99822	999.697	372.352	419.487	341.228	581.046	5.41491308311199	-0.7828385081985705	5.712803150101969	-0.17195899480310012
PWY-7717: 3-hydroxy-4-methyl-anthranilate biosynthesis I	7.74475	3.72372	13.033	20.3165	20.5934	19.8749	1.4108913496581825	2.4161307860709393	1.391361194954433	-0.6404826365529334
PWY-7053: docosahexaenoate biosynthesis I (lower eukaryotes)	7.64529	3.47056	11.086	15.2789	15.9699	20.6524	1.0627120487433908	2.573068724066149	0.9988974545894138	-0.462801732248742
METSYN-PWY: superpathway of L-homoserine and L-methionine biosynthesis	7.64451	6.14115	0.0	0.0	0.0	0.0	-22.865992788315314	-22.55007764615245	-22.865992788315314	0.0
PWY-7211: superpathway of pyrimidine deoxyribonucleotides de novo biosynthesis	7.01302	17.185	0.0	0.0	0.0	1.79517	-22.741604617390795	-3.258956755245587	-22.741604617390795	0.0
PWY-6608: guanosine nucleotides degradation III	6.82579	932.732	299.889	363.868	276.981	587.602	5.342646969442288	-0.6666233067077935	5.736275133154536	-0.2789865747898263
PWY-7340: 9-cis, 11-trans-octadecadienoyl-CoA degradation (isomerase-dependent, yeast)	6.78344	5.50676	11.8854	17.5016	16.3927	22.9387	1.272964392269932	2.058507794745474	1.3673977096222474	-0.5582963230048573
PWY-2201: folate transformations I	6.55462	16.1616	0.0	0.0	0.0	0.0	-22.64408093295532	-23.946066785590368	-22.64408093295532	0.0
BIOTIN-BIOSYNTHESIS-PWY: biotin biosynthesis I	5.95271	9.54173	0.0	0.0	0.0	0.0	-22.505115423544442	-23.185819583833734	-22.505115423544442	0.0
MET-SAM-PWY: superpathway of S-adenosyl-L-methionine biosynthesis	5.95043	5.01054	0.0	0.0	0.0	0.0	-22.50456273842425	-22.256534952361324	-22.50456273842425	0.0
PWY-6519: 8-amino-7-oxononanoate biosynthesis I	5.33824	11.6162	0.0	0.0	0.0	0.0	-22.347933008122965	-23.46963498643146	-22.347933008122965	0.0
PWY-6837: fatty acid &beta;-oxidation V (unsaturated, odd number, di-isomerase-dependent)	5.30586	3.4944	7.5854	11.223	10.2933	14.6848	0.9560469338452307	2.0712066358774233	1.0807997140198153	-0.5651611450192792
PWY-5913: partial TCA cycle (obligate autotrophs)	4.70037	33.6582	72.396	87.9341	65.6166	140.354	3.803214324638257	2.0600402174958616	4.225576215340781	-0.2805127454445423
HOMOSER-METSYN-PWY: L-methionine biosynthesis I	4.39203	3.60161	0.0	0.0	0.0	0.0	-22.06645680658815	-21.780210937498655	-22.06645680658815	0.0
PWY-7210: pyrimidine deoxyribonucleotides biosynthesis from CTP	4.12713	5.83969	0.0	0.0	0.0	1.00822	-21.976707801236095	-2.534080123376434	-21.976707801236095	0.0
PWY-6545: pyrimidine deoxyribonucleotides de novo biosynthesis III	3.67055	9.90684	0.0	0.0	0.0	0.907332	-21.807565216943065	-3.448721061649185	-21.807565216943065	0.0
DAPLYSINESYN-PWY: L-lysine biosynthesis I	3.39826	4.81279	0.918866	0.0	2.77076	1.09053	-0.2945143891565897	-2.141842992907445	-21.696365230835504	19.809496530372947
PWY-561: superpathway of glyoxylate cycle and fatty acid degradation	3.31671	10.307	0.0	0.0	0.0	0.0	-21.661321878395793	-23.297121280930916	-21.661321878395793	0.0
GLYCOLYSIS-E-D: superpathway of glycolysis and the Entner-Doudoroff pathway	3.02877	42.1132	116.771	128.72	142.8	1.86095	5.559119676599527	-4.500160564138692	5.4093599295116155	-0.14055420367727467
PWY-7198: pyrimidine deoxyribonucleotides de novo biosynthesis IV	2.89414	4.09449	0.0	0.0	0.0	0.70607	-21.464703779737512	-2.5357989485123995	-21.464703779737512	0.0
PWY0-1298: superpathway of pyrimidine deoxyribonucleosides degradation	2.6366	827.523	277.332	322.742	250.743	530.639	6.571386358221441	-0.6410686972615495	6.935558266326112	-0.21876724269966621
PWY-7606: docosahexaenoate biosynthesis III (6-desaturase, mammals)	2.39404	3.87462	0.0	0.0	0.0	0.0	-21.191016429203824	-21.885623767927406	-21.191016429203824	0.0
PWY-7726: (4Z,7Z,10Z,13Z,16Z)-docosapentaenoate biosynthesis (6-desaturase)	2.39404	3.87462	0.0	0.0	0.0	0.0	-21.191016429203824	-21.885623767927406	-21.191016429203824	0.0
PWY-7977: L-methionine biosynthesis IV	2.33768	2.15488	0.0	0.0	0.0	0.0	-21.156646642428385	-21.03917677021619	-21.156646642428385	0.0
PWY-8004: Entner-Doudoroff pathway I	2.33275	131.548	333.404	336.41	336.917	327.502	7.174217098246054	1.3159143958656563	7.172044464379312	-0.012949178115052898
P441-PWY: superpathway of N-acetylneuraminate degradation	2.17792	0.0	0.0	0.0	0.0	0.0	-21.054520193270967	0.0	-21.054520193270967	0.0
PWY-5918: superpathway of heme b biosynthesis from glutamate	2.15557	3.67434	0.0	0.0	0.0	0.0	-21.039638651980198	-21.809054092392905	-21.039638651980198	0.0
PWY-7883: anhydromuropeptides recycling II	2.01767	7.34695	0.0	0.0	0.0	0.0	-20.944259518117242	-22.808714222020892	-20.944259518117242	0.0
PWY0-1261: anhydromuropeptides recycling I	2.01767	7.34695	0.0	0.0	0.0	0.0	-20.944259518117242	-22.808714222020892	-20.944259518117242	0.0
P4-PWY: superpathway of L-lysine, L-threonine and L-methionine biosynthesis I	2.0104	4.55862	0.0	0.0	0.0	0.0	-20.939051863271118	-22.120166039033688	-20.939051863271118	0.0
GOLPDLCAT-PWY: superpathway of glycerol degradation to 1,3-propanediol	1.4295	33.7497	190.271	141.212	178.35	56.2849	6.963055784469385	0.7378732356185101	6.626207262835147	0.4301929964964494
PWY-5188: tetrapyrrole biosynthesis I (from glutamate)	1.38744	2.71363	0.0	0.0	0.0	0.0	-20.403994992450198	-21.371793125503466	-20.403994992450198	0.0
PWY0-845: superpathway of pyridoxal 5'-phosphate biosynthesis and salvage	1.35625	6.2462	0.0	0.0	0.0	0.0	-20.371192770619178	-22.574547564721314	-20.371192770619178	0.0
PWY-7115: C4 photosynthetic carbon assimilation cycle, NAD-ME type	1.26661	24.097	67.4228	84.1338	79.1015	112.842	5.964659652086243	2.2273786425610624	6.053640104978542	-0.31944896026748176
PWY-5136: fatty acid &beta;-oxidation II (plant peroxisome)	1.18516	6.73647	0.0	0.0	0.0	0.0	-20.176651626864643	-22.683561581482753	-20.176651626864643	0.0
PWY-5723: Rubisco shunt	1.16163	4.0974	0.0	0.0	0.0	0.0	-20.147720428932235	-21.96627766116642	-20.147720428932235	0.0
PYRIDNUCSYN-PWY: NAD de novo biosynthesis I (from aspartate)	1.14066	4.36642	0.0	0.0	0.0	0.483238	-20.121438661312688	-3.175642440519244	-20.121438661312688	0.0
FAO-PWY: fatty acid &beta;-oxidation I (generic)	1.13763	6.60745	0.0	0.0	0.0	0.0	-20.11760125280563	-22.655662390391303	-20.11760125280563	0.0
HEMESYN2-PWY: heme b biosynthesis II (oxygen-independent)	1.07927	3.21095	0.0	0.0	0.0	0.0	-20.04162573374838	-21.61456921863065	-20.04162573374838	0.0
PWY-5138: fatty acid &beta;-oxidation IV (unsaturated, even number)	1.05597	4.47265	0.0	0.0	0.0	0.0	-20.01013878401043	-22.092698758873308	-20.01013878401043	0.0
PWY-1861: formaldehyde assimilation II (assimilatory RuMP Cycle)	0.97173	92.9993	412.912	290.718	355.883	117.582	8.516630313615149	0.3383754570627063	8.224847695090947	0.5062139454175594
PWY-7117: C4 photosynthetic carbon assimilation cycle, PEPCK type	0.857018	150.657	150.434	139.3	104.584	153.485	6.931119264177909	0.02682996190150273	7.3446523639038634	0.11093541261720796
PWY-6700: queuosine biosynthesis I (de novo)	0.844358	10.5232	0.0	0.0	0.0	0.0	-19.68749700109351	-23.327070281805753	-19.68749700109351	0.0
GLUCARDEG-PWY: D-glucarate degradation I	0.753338	0.0	0.0	0.0	0.0	0.0	-19.522939693333505	0.0	-19.522939693333505	0.0
RUMP-PWY: formaldehyde oxidation I	0.721586	60.9337	261.671	187.278	220.254	1.53035	8.253779163708739	-5.315305878350554	8.019792377565162	0.48257261000433455
PWY-7396: butanol and isobutanol biosynthesis (engineered)	0.713614	13.6626	37.6165	59.8343	53.1155	75.317	6.217843201536888	2.4627433943574064	6.3896830194294525	-0.6696071113597029
PWY-6396: superpathway of 2,3-butanediol biosynthesis	0.599999	8.9366	35.9212	51.1796	45.3074	62.7584	6.238640423957979	2.8120104772062002	6.414462589116251	-0.5107333136868974
PYRIDOXSYN-PWY: pyridoxal 5'-phosphate biosynthesis I	0.596763	3.31885	0.0	0.0	0.0	0.0	-19.186800981564815	-21.66225243032027	-19.186800981564815	0.0
GALACTARDEG-PWY: D-galactarate degradation I	0.530105	2.04798	0.0	0.0	0.0	0.0	-19.015921344270772	-20.96577090022218	-19.015921344270772	0.0
GLUCARGALACTSUPER-PWY: superpathway of D-glucarate and D-galactarate degradation	0.530105	2.04798	0.0	0.0	0.0	0.0	-19.015921344270772	-20.96577090022218	-19.015921344270772	0.0
P161-PWY: acetylene degradation (anaerobic)	0.51382	4.92713	0.0	0.0	0.0	0.0	-18.97090632920792	-22.232316399110644	-18.97090632920792	0.0
PWY0-1477: ethanolamine utilization	0.51382	4.92713	0.0	0.0	0.0	0.0	-18.97090632920792	-22.232316399110644	-18.97090632920792	0.0
PWY-5100: pyruvate fermentation to acetate and lactate II	0.513751	4.93319	0.0	0.0	0.0	0.0	-18.97071257955126	-22.234089715042625	-18.97071257955126	0.0
PWY-7315: dTDP-N-acetylthomosamine biosynthesis	0.512133	3.84711	0.0	0.0	0.0	0.0	-18.96616181560351	-21.875344025379103	-18.96616181560351	0.0
PWY-1269: CMP-3-deoxy-D-manno-octulosonate biosynthesis	0.379919	0.0	0.0	0.0	0.0	0.0	-18.5353361357457	0.0	-18.5353361357457	0.0
METHGLYUT-PWY: superpathway of methylglyoxal degradation	0.318346	3.12861	0.0	0.0	0.0	0.0	-18.280240643227383	-21.57709085965157	-18.280240643227383	0.0
PWY-6507: 4-deoxy-L-threo-hex-4-enopyranuronate degradation	0.0	1087.8	274.475	314.194	242.323	509.372	27.852356109219237	-1.0946217669453484	28.227080394186217	-0.19498087957526986
PWY-7013: (S)-propane-1,2-diol degradation	0.0	943.78	462.096	498.987	411.307	658.503	28.615640387761946	-0.5192605853291875	28.89442699182154	-0.1108096283132658
PWY-5695: inosine 5'-phosphate degradation	0.0	922.585	310.475	378.924	286.13	604.313	28.092095532624196	-0.6103858578041351	28.497333281967546	-0.28743141347370205
PWY-7242: D-fructuronate degradation	0.0	189.964	62.5052	78.7618	49.3943	119.611	25.557841260812324	-0.6673759626671156	26.230992765091194	-0.3335198607893961
OANTIGEN-PWY: O-antigen building blocks biosynthesis (E. coli)	0.0	143.483	0.0	0.0	1.31524	2.56938	20.326895747281466	-5.8033151792341755	0.0	0.0
PWY0-1297: superpathway of purine deoxyribonucleosides degradation	0.0	118.752	277.72	248.842	248.932	3.77387	27.89117646437315	-4.975762904194228	27.890654771578536	0.1584010692663448
DTDPRHAMSYN-PWY: dTDP-&beta;-L-rhamnose biosynthesis	0.0	83.0179	0.0	0.0	0.527436	1.17266	19.0086392550518	-6.145564540066746	0.0	0.0
PWY-7356: thiamine diphosphate salvage IV (yeast)	0.0	70.5917	148.09	190.427	171.874	259.784	27.356776087130996	1.8797420935722802	27.504662814672137	-0.36276382206805907
PWY-7942: 5-oxo-L-proline metabolism	0.0	11.4682	35.679	51.8205	48.9342	63.7903	25.544339807634465	2.475697990382275	25.627019627755818	-0.5384477426953388
PWY-6353: purine nucleotides degradation II (aerobic)	0.0	8.33803	0.0	0.0	0.0	0.0	0.0	-22.991275305282315	0.0	0.0
PWY-3801: sucrose degradation II (sucrose synthase)	0.0	8.24487	0.0	0.0	0.0	0.0	0.0	-22.975065490625948	0.0	0.0
GLUDEG-I-PWY: GABA shunt	0.0	7.46356	35.0923	49.6594	47.455	63.7578	25.500056796509924	3.0946658360203156	25.56556352380238	-0.5009123113249054
PWY-6595: superpathway of guanosine nucleotides degradation (plants)	0.0	6.83434	0.0	0.0	0.0	0.0	0.0	-22.704370802273615	0.0	0.0
PWY0-1479: tRNA processing	0.0	6.4446	0.0	0.0	0.0	0.0	0.0	-22.619659610123605	0.0	0.0
PWY-6305: superpathway of putrescine biosynthesis	0.0	5.54292	0.0	0.0	0.0	0.0	0.0	-22.402215015209855	0.0	0.0
ARG+POLYAMINE-SYN: superpathway of arginine and polyamine biosynthesis	0.0	5.42781	0.0	0.0	0.0	0.0	0.0	-22.37193905535177	0.0	0.0
PWY-6549: L-glutamine biosynthesis III	0.0	5.23804	0.0	0.0	0.0	0.0	0.0	-22.320595921541354	0.0	0.0
PWY-5675: nitrate reduction V (assimilatory)	0.0	4.75561	0.0	0.0	0.0	0.0	0.0	-22.181199279503797	0.0	0.0
LIPASYN-PWY: phospholipases	0.0	4.66806	0.0	0.0	0.0	0.0	0.0	-22.154391982944947	0.0	0.0
PWY-6607: guanosine nucleotides degradation I	0.0	4.56755	0.0	0.0	0.0	0.0	0.0	-22.12298940699715	0.0	0.0
POLYAMINSYN3-PWY: superpathway of polyamine biosynthesis II	0.0	4.55551	0.0	0.0	0.0	0.0	0.0	-22.11918146216969	0.0	0.0
PWY-6596: adenosine nucleotides degradation I	0.0	4.10219	0.0	0.0	0.0	0.0	0.0	-21.967963235285705	0.0	0.0
PWY-7156: superpathway of ergosterol biosynthesis II	0.0	3.98757	0.0	0.0	0.0	0.0	0.0	-21.927078776085313	0.0	0.0
PWY-5505: L-glutamate and L-glutamine biosynthesis	0.0	3.97281	0.0	0.0	0.0	0.0	0.0	-21.921728730520503	0.0	0.0
PWY0-781: aspartate superpathway	0.0	3.87497	0.0	0.0	0.0	0.0	0.0	-21.885754082727114	0.0	0.0
SALVADEHYPOX-PWY: adenosine nucleotides degradation II	0.0	3.80774	0.0	0.0	0.0	0.0	0.0	-21.86050392015404	0.0	0.0
PWY-6703: preQ0 biosynthesis	0.0	3.77219	0.0	0.0	0.0	0.0	0.0	-21.846971296179312	0.0	0.0
NAD-BIOSYNTHESIS-II: NAD salvage pathway III (to nicotinamide riboside)	0.0	3.41003	23.4294	29.9239	31.1571	33.0385	24.893057668872636	3.2762914715694706	24.834794927221086	-0.35297819252067314
KETOGLUCONMET-PWY: ketogluconate metabolism	0.0	3.0666	0.0	1.00812	1.7442	0.0	20.734134873770422	-21.548209036950276	19.94323737842327	-19.94323737842327
PWY-5121: superpathway of geranylgeranyl diphosphate biosynthesis II (via MEP)	0.0	3.0404	0.0	0.0	0.0	0.0	0.0	-21.535830183308505	0.0	0.0
POLYAMSYN-PWY: superpathway of polyamine biosynthesis I	0.0	2.84605	0.0	0.0	0.0	0.0	0.0	-21.44053008388985	0.0	0.0
PWY-241: C4 photosynthetic carbon assimilation cycle, NADP-ME type	0.0	2.72564	0.0	0.0	0.0	0.0	0.0	-21.37816412353375	0.0	0.0
PWY-5855: ubiquinol-7 biosynthesis (early decarboxylation)	0.0	2.69184	0.0	0.0	0.0	0.0	0.0	-21.360161765570304	0.0	0.0
PPGPPMET-PWY: ppGpp metabolism	0.0	2.6669	0.0	0.0	0.0	0.0	0.0	-21.346732839859804	0.0	0.0
PWY-7392: taxadiene biosynthesis (engineered)	0.0	2.59843	0.0	0.0	0.0	0.0	0.0	-21.30920931881315	0.0	0.0
ECASYN-PWY: enterobacterial common antigen biosynthesis	0.0	2.30361	0.0	0.0	0.0	0.0	0.0	-21.135465685517353	0.0	0.0
NONMEVIPP-PWY: methylerythritol phosphate pathway I	0.0	2.26668	0.0	0.0	0.0	0.0	0.0	-21.112149937861673	0.0	0.0
PWY-7560: methylerythritol phosphate pathway II	0.0	2.14068	0.0	0.0	0.0	0.0	0.0	-21.029638393535755	0.0	0.0
PWY-8131: 5'-deoxyadenosine degradation II	0.0	2.04091	0.0	0.0	0.0	0.0	0.0	-20.960781840054324	0.0	0.0
PWY-6270: isoprene biosynthesis I	0.0	1.95674	0.0	0.0	0.0	0.0	0.0	-20.900021378562403	0.0	0.0
PWY-6873: long chain fatty acid ester synthesis (engineered)	0.0	1.92868	0.0	0.0	0.0	0.0	0.0	-20.879183113553253	0.0	0.0
THISYNARA-PWY: superpathway of thiamine diphosphate biosynthesis III (eukaryotes)	0.0	1.44492	0.0	0.0	0.0	0.0	0.0	-20.462559185909043	0.0	0.0
GALACTUROCAT-PWY: D-galacturonate degradation I	0.0	1.37341	0.0	0.0	0.0	0.0	0.0	-20.389331993011446	0.0	0.0
NAGLIPASYN-PWY: lipid IVA biosynthesis (E. coli)	0.0	1.30015	0.0	0.0	0.0	0.0	0.0	-20.310247757424268	0.0	0.0
PWY-8073: lipid IVA biosynthesis (P. putida)	0.0	1.30015	0.0	0.0	0.0	0.0	0.0	-20.310247757424268	0.0	0.0
PWY-5676: acetyl-CoA fermentation to butanoate II	0.0	1.13171	0.0	0.0	0.0	0.0	0.0	-20.110074159916056	0.0	0.0
AST-PWY: L-arginine degradation II (AST pathway)	0.0	1.10312	0.0	0.0	0.0	0.0	0.0	-20.073159616396378	0.0	0.0
PWY-4041: &gamma;-glutamyl cycle	0.0	0.0	0.0	0.0	0.0	0.242487	0.0	17.887553828875333	0.0	0.0
